Country,Month,Export,Import
Albania,January,343.8,54768.44
Argentina,January,0,2020521.38
Armenia,January,9556544.6,2551888
Australia,January,66092.26,0
Austria,January,132138.24,3066550.94
Azerbaijan,January,6358707.03,66785798.71
Bahams,January,0,6936.3
Bangladesh,January,0,217552.65
Belarus,January,1629669.99,4256080.07
Belgium,January,319055.83,3958972.92
Belize,January,0,335977
Brasil,January,1021.31,3344645
Bulgaria,January,49512273.71,14871353.05
Burkinafaso,January,158532.03,0
Cambodia,January,0,6615.2
Canada,January,98183.98,1067207.77
Chile,January,228.38,0
China,January,25400246.4,60027650.86
Colombia,January,0,21981.45
Costa Rica,January,114.6,0
Croatia,January,16276.94,505833.88
Cyprus,January,246859.65,617589.63
Czech Republic,January,648711.47,7985995.88
Denmark,January,29950.45,1263801.61
Domineika,January,0,6078.55
Ecvador,January,0,1585741.94
Egypt,January,19250,1150006.25
Estonia,January,265713.64,516077.73
Finland,January,132348.35,1054502.73
France,January,2660511.56,9057397.73
Gabon,January,0,1853063.26
Gambia,January,0,3047.56
Georgia,January,5260468.3,214199.84
Germany,January,4715611.07,19484452.31
Great Britain,January,452102.42,3392691.78
Greece,January,159781.34,2444981.62
Honduras,January,17700,0
Hong Kong,January,16227.45,9658486.1
Hungary,January,76260.89,4122679.63
Iceland,January,0,706136
India,January,47315.55,3873288.8
Indonesia,January,913.52,649443.99
Iran,January,815314.33,13411344.64
Iraq,January,1012962.95,75427.2
Ireland,January,38500,1933886.35
Israel,January,983368.86,667753.06
Italy,January,4490317.74,11796659.68
Japan,January,1000968.48,685727.79
Jordan,January,1488946.55,0
Kazakhstan,January,3329471.16,1648580.63
Kenya,January,81192,38827.39
Kuwait,January,41330.6,0
Kyrgyzstan,January,274864.2,172581.05
Latvia,January,563865.25,2449560.34
Lebanon,January,5818.19,5721.9
Libia,January,130006.76,0
Liechtenstein,January,0,13571.02
Lithuania,January,2910793.08,2959056.31
Luxembourg,January,0,45234.73
Macedonia,January,83528.89,342441.39
Mala,January,0,1337432.92
Malawi,January,0,70840
Malaysia,January,47284.64,456716.01
Mexico,January,0,24546
Moldova,January,801070.13,402644.36
Mongolia,January,88848.6,0
Morocco,January,40573.06,0
Netherlands,January,963048.1,15487652.19
New Zealand,January,0,274135.59
Nigeria,January,0,1067.93
Norway,January,780,1071243.67
Not specified,January,154380.81,198177.21
Oman,January,227.14,0
Pacistan,January,34241.19,679740.36
Paraguay,January,0,287416.98
Philippines,January,353699.5,0
Pitcairn Islands,January,0,37578.76
Poland,January,2735045.17,8798146.3
Portugal,January,86536.72,737763.52
Qatar,January,62131.5,94052.16
Romania,January,7900510.46,19956380.17
San Marino,January,0,15356.62
Saudi Arabia,January,922423.81,0
Serbia,January,11244.12,405058.83
Seychelles,January,0,373155.82
Singapore,January,1160.49,552460.8
Slovakia,January,0,287863.94
Slovenia,January,10631,2718673.33
Somalia,January,26640,0
South Africa,January,1345.95,887047.92
South Korea,January,2680,4267296.98
Spain,January,788426.86,8889148.3
Sri Lanka,January,228.38,141211.45
Sudan,January,3700,4000
Sweden,January,122601.66,3961824.16
Switzerland,January,8122094.32,4172990.88
Syria,January,1940.4,49920
Taiwan,January,39308.02,1023398.36
Tajikista,January,35672.1,0
Tanzania,January,247800,14800
Thailand,January,94081.58,390094.69
The Farer Islands,January,0,89250
Tunis,January,114.61,43225.2
Turkmenistan,January,20337.34,14175109.77
Türkiye,January,26048567.09,120086790.7
UA Emirates,January,1073403.91,11268598.27
Ukraine,January,27707945.13,28784132.67
United States,January,4119843.58,5969982.62
Uruguay,January,0,240500
Uzbekistan,January,2224228.65,2594832.81
Venezuela,January,168480,0
Vietnam,January,0,609651.7
Zimbabwe,January,30975,0
russia,January,35616328.11,83896138.05
Albania,February,0,71520.28
Algeria,February,3000,0
Argentina,February,87150,1194840.95
Armenia,February,8490394.72,5485866.24
Australia,February,161776.18,114000
Austria,February,3975.52,4281475.87
Azerbaijan,February,8673170.22,85717099.9
Bahrain,February,77918.61,15750
Bangladesh,February,0,147061.57
Belarus,February,1409322.96,4270983.27
Belgium,February,410827.62,4444586.58
Bhutan,February,89544,0
Bosnia-Herzegovina,February,12766.67,93241.76
Brasil,February,0,4334121.27
Bulgaria,February,34176452.08,24915898.24
Canada,February,141862.99,1124029.68
China,February,65070227.67,76964904.64
Croatia,February,24669.1,423993.33
Cyprus,February,0,703032.93
Czech Republic,February,2553865.36,10529160.93
Denmark,February,116802.78,1521834.56
Ecvador,February,0,2506620.98
Egypt,February,970058.49,1303069.4
Estonia,February,552442.08,351321.25
Ethiopia,February,0,5549.99
Finland,February,40943.34,897538.67
France,February,5843806.59,14139545.29
Gabon,February,0,12604109.86
Gambia,February,0,42500
Gana,February,7400,0
Georgia,February,1007506.07,239056.52
Germany,February,6001808.95,25339673.55
Great Britain,February,1387589.24,6776186.98
Greece,February,303259.96,1990414.86
Honduras,February,61950,0
Hong Kong,February,37375.2,14092353.45
Hungary,February,152363.31,2741676.95
Iceland,February,1966.5,664221
India,February,12310828.47,5913898.12
Indonesia,February,0,861443.77
Iran,February,1081936.73,15049864.88
Iraq,February,1473373.62,607739.38
Ireland,February,19750,1030034.95
Israel,February,1292397.97,754910.15
Italy,February,4293713.62,17095902.17
Jamaica,February,0,1105.56
Japan,February,1186443.76,1477804.87
Jordan,February,43788.31,385
Kazakhstan,February,4826764.18,2072255.9
Kenya,February,840,39689.45
Kuwait,February,29696.92,0
Kyrgyzstan,February,745508.66,156871.07
Latvia,February,219292.51,1918410.36
Lebanon,February,0,14768
Libia,February,129002.89,0
Liechtenstein,February,0,3077.19
Lithuania,February,3115019.77,2658008.86
Luxembourg,February,0,135194.41
Macedonia,February,0,748953.92
Mala,February,7049.59,987798.68
Malawi,February,0,33110
Malaysia,February,0,1206527.62
Mexico,February,0,19010.51
Moldova,February,519284.71,802062.47
Mongolia,February,360211.2,0
Morocco,February,70800,0
Myanmar,February,0,644.18
Nepal,February,53707.04,9382.15
Netherlands,February,804751.85,9987452.77
New Zealand,February,0,111755.7
Nigeria,February,67071.95,3360.65
Norway,February,464873,899485.29
Not specified,February,154096.74,96655.92
Oman,February,64842.89,0
Pacistan,February,0,563062.16
Paraguay,February,0,684719.43
Peru,February,18081166,44800.9
Poland,February,2736459.23,10417710.48
Portugal,February,5581.99,844508.97
Qatar,February,98225.7,169855
Romania,February,5158276.53,23473443.43
Saudi Arabia,February,774888.47,7469.59
Serbia,February,40974.8,826063.17
Singapore,February,293273.83,6935052.41
Slovakia,February,15000,975391.16
Slovenia,February,20000,1723917.38
South Africa,February,0,12782.86
South Korea,February,1782,5343809.57
Spain,February,2061601.82,9878303.05
Sri Lanka,February,275,64121.65
Sudan,February,600,2500
Sweden,February,89775.48,1618697.49
Switzerland,February,6067135.69,19398721.09
Taiwan,February,323116.8,1581192.32
Tajikista,February,181696.58,0
Tanzania,February,61950,8880
Thailand,February,0,1008530.6
The Farer Islands,February,0,52677.1
Turkmenistan,February,297290.34,13982702.9
Türkiye,February,29821426.85,132272979.2
UA Emirates,February,587276.25,9982648.25
Ukraine,February,12628768.4,32352231.92
United States,February,37039875.7,3684405.39
Uruguay,February,0,730084.8
Uzbekistan,February,3049701.71,2513770.73
Venezuela,February,393120,0
Vietnam,February,229174,748341.08
"Virgin Islands, Britain",February,0,71720
russia,February,45932952.62,90085295.66
Albania,March,0,500
Argentina,March,193905.93,296552.01
Armenia,March,14399531.07,10307744.6
Australia,March,72326,150630.93
Austria,March,88408.69,5513727.18
Azerbaijan,March,10098986.45,73659583.42
Bahrain,March,7424.55,0
Bangladesh,March,0,2205
Belarus,March,1645946.44,2426670.11
Belgium,March,471724.89,6754941.2
Bosnia-Herzegovina,March,0,65247.64
Brasil,March,18012.82,2698337.63
Bulgaria,March,10904164.35,25430155.89
Canada,March,441066.96,1351068.15
Chile,March,0,240042.64
China,March,120472702.7,95319629.62
Colombia,March,0,6263.7
Costa Rica,March,0,11351.5
Croatia,March,10698.74,988792.63
Cyprus,March,125761.69,112003.47
Czech Republic,March,287995.65,7473124.5
Denmark,March,57895.51,1605633.74
Ecvador,March,0,2708394.55
Egypt,March,977135,1464010.94
Estonia,March,214239.39,365774.33
Europe,March,0,101516.2
Finland,March,68319.62,1520414.82
France,March,2909325,12902859.68
Gabon,March,0,81720.27
Gana,March,5087164,895.49
Georgia,March,4105307.31,427931.19
Germany,March,5130253.64,27488948.9
Great Britain,March,1320297.75,4927166.76
Greece,March,266821.84,1634192.76
Hong Kong,March,167186.39,6315683.53
Hungary,March,248075.82,4624664.04
Iceland,March,0,336233.97
India,March,216071.82,6229422.53
Indonesia,March,0,1649829.85
Iran,March,1014851.21,13650196.6
Iraq,March,2371782.72,287475.45
Ireland,March,59250,990493.6
Israel,March,954189.53,752054.41
Italy,March,6952598,19498300.77
Japan,March,2455997.83,901965.19
Jordan,March,899528.16,3911
Kazakhstan,March,5550125.85,2858398.02
Kenya,March,130626.4,38448.38
Kuwait,March,171842.26,0
Kyrgyzstan,March,740662.35,232020
Latvia,March,978607.33,1961306.58
Lebanon,March,41128,54264
Libia,March,375047.37,0
Liechtenstein,March,0,29499.35
Lithuania,March,2789401.82,2857634.73
Luxembourg,March,0,40805.21
Macedonia,March,0,84741.8
Mala,March,0,744373.81
Malawi,March,0,68597.55
Malaysia,March,79502.6,611895.6
Maldives,March,0,2475
Mali,March,1496791,0
Mauritania,March,411424,0
Mexico,March,2630000,51611.91
Moldova,March,334524.12,282670.92
Mongolia,March,219550.35,0
Montenegro,March,115815,0
Morocco,March,43000,14025
Mozambique,March,4531864,0
Myanmar,March,0,5474.01
Nepal,March,0,1905
Netherlands,March,1425745.06,11536015.74
New Zealand,March,0,155516.4
Niger,March,220,8255.62
Nigeria,March,361.72,3575.44
Norway,March,556390.39,1016222.7
Not specified,March,30045,143677.67
Oman,March,7684,32122.7
Pacistan,March,27600.02,306303.21
Paraguay,March,0,550801.42
Philippines,March,0,12734.73
Poland,March,4966507.82,11909445.92
Portugal,March,0,777314.06
Qatar,March,122988.73,3501.39
Romania,March,1805569.39,16996589.53
Réunion Island,March,0,18920.52
San Marino,March,0,75611.61
Saudi Arabia,March,1197056.48,799013.04
Senegal,March,533000,0
Serbia,March,75660.71,1267842.58
Seychelles,March,2102.74,90517.9
Singapore,March,379433.69,1171944.4
Sint Maarten,March,223365.8,0
Slovakia,March,202907.26,820713.03
Slovenia,March,8060,2088446.64
South Africa,March,21666.12,291417.44
South Korea,March,1974278.96,3113025.48
Spain,March,2214756.11,12171768.06
Sri Lanka,March,697,114833.37
Sudan,March,42857.43,0
Sweden,March,83478,1628746.93
Switzerland,March,6368050.59,11903999.51
Syria,March,5000,0
Taiwan,March,7228.47,994351.36
Tajikista,March,384200.68,0
Tanzania,March,3416910,311044.2
Thailand,March,0,674286.11
The Farer Islands,March,0,93666.73
Tunis,March,33204.06,16507.6
Turkmenistan,March,686912.24,12016620.62
Türkiye,March,39240323.51,148949652
UA Emirates,March,1444057,10932572.52
Ukraine,March,1563187.87,9754032.73
United States,March,41991079.71,6803202.53
Uruguay,March,0,1348750
Uzbekistan,March,4739569.95,2471644.62
Venezuela,March,206060,0
Vietnam,March,30648,897572.06
russia,March,15177463.12,71927939.01
Albania,April,9227.5,35603.77
Argentina,April,78750,340719.77
Armenia,April,21921120.36,5303506.22
Australia,April,140196.94,31649.97
Austria,April,428285.85,6897695.78
Azerbaijan,April,11555702.55,77142323.99
Bangladesh,April,0,537890.8
Belarus,April,2343311.11,5580478.08
Belgium,April,427579.28,9644222.25
Belize,April,0,174513
Bosnia-Herzegovina,April,0,13994.84
Brasil,April,176361,4236950.5
Bulgaria,April,34246690.85,20345401.08
Cambodia,April,0,839.76
Canada,April,487291.47,1254727.02
Chad,April,0,6471.67
China,April,67193626.83,78561456.98
Costa Rica,April,0,272231.5
Croatia,April,25520.49,813402.51
Cyprus,April,24079.01,223590.38
Czech Republic,April,217016.31,8991600.82
Denmark,April,35413.73,1564579.6
Ecvador,April,0,2677999.68
Egypt,April,31500,1843499.14
Estonia,April,363187.23,981353.31
Ethiopia,April,34675,0
Finland,April,84946.25,3207930.9
France,April,2906997.36,13649621.46
Gana,April,1474597,0
Georgia,April,2775036.24,246073.84
Germany,April,4848398.86,46252811.53
Great Britain,April,1058898.77,4094343.29
Greece,April,217321.43,1637146.62
Honduras,April,35000,0
Hong Kong,April,291065.44,3935560.68
Hungary,April,163289.08,3955205.11
India,April,168349.1,6845337.27
Indonesia,April,0,1588228.7
Iran,April,1477158.59,13505328.91
Iraq,April,2546843.45,660337.74
Ireland,April,112760,572101.27
Israel,April,1634579.24,958324.3
Italy,April,5122116.88,21771995.8
Japan,April,1548342.01,2233289.2
Jordan,April,1737105.13,2002
Kazakhstan,April,9380653.83,2094875.19
Kenya,April,1515.6,19361.66
Kuwait,April,143884.5,0
Kyrgyzstan,April,964950.77,122207.45
Latvia,April,831030.32,3137944.51
Lebanon,April,28454.3,296100.1
Libia,April,450932.55,0
Liechtenstein,April,0,15928.04
Lithuania,April,2834495.22,3937889.51
Luxembourg,April,0,232982.5
Macedonia,April,0,201021.83
Mala,April,2041.81,3082697.1
Malawi,April,0,49280
Malaysia,April,327997.28,950053.59
Mali,April,615150,0
Mexico,April,137500,6088606.51
Moldova,April,235145.04,307139.67
Monaco,April,0,17660.04
Mongolia,April,235652.82,0
Morocco,April,22250,0
Nepal,April,169509.3,0
Netherlands,April,1095716.19,9298733.78
New Zealand,April,0,296086.2
Nigeria,April,3649842.51,63317.24
Norway,April,21488.4,989527.66
Not specified,April,0,207602.39
Pacistan,April,0,432416.22
Paraguay,April,0,90153
Peru,April,44295893.63,0
Poland,April,3033158.92,14083803.97
Portugal,April,43647.47,693567.01
Qatar,April,246641.3,439110
Romania,April,209474.6,14676602.04
San Marino,April,0,59406.05
Saudi Arabia,April,4823611.59,339510
Serbia,April,0,726761.09
Singapore,April,50152.47,1831492.33
Slovakia,April,247955.26,727949.96
Slovenia,April,8060,2580316.5
South Africa,April,0,4462.5
South Korea,April,2330475.81,3625208.52
Spain,April,959051.49,10352327.68
Sri Lanka,April,0,326885.11
Sweden,April,243247.61,1563629.65
Switzerland,April,9310614.07,25051285.07
Syria,April,0,49920
Taiwan,April,0,1135025.27
Tajikista,April,394382.74,0
Tanzania,April,0,7400
Thailand,April,112,1350700.81
The Farer Islands,April,0,83205.05
Turkmenistan,April,298811.53,18850243.07
Türkiye,April,27946198.44,152251790
UA Emirates,April,402870.77,14075897.97
Ukraine,April,1424907.28,10206009.39
United States,April,4756379.96,7519042.88
Uruguay,April,0,555881.7
Uzbekistan,April,3486180.37,3290972.68
Vietnam,April,280138,4298165.55
russia,April,44661821.66,125916797.8
Albania,May,0,104804.74
Argentina,May,0,838394.12
Armenia,May,20151226.26,12914750.55
Australia,May,119196.61,80006.22
Austria,May,124939.29,3939148.43
Azerbaijan,May,13843774.75,39700392.41
Bahrain,May,13650.28,0
Bangladesh,May,0,489374.98
Belarus,May,2315011.5,7664848
Belgium,May,239476.8,5947943.85
Belize,May,0,273590
Bosnia-Herzegovina,May,0,62343.29
Brasil,May,0,11450983.96
Bulgaria,May,48393513.14,15145480.1
Burundi,May,9368.45,0
Canada,May,275901.63,905004.91
Chile,May,0,137311.56
China,May,67835496.63,87327162.42
Costa Rica,May,0,172603.6
Croatia,May,16042.15,728941.36
Cyprus,May,137019.2,617330.79
Czech Republic,May,707254.5,9467714.79
Denmark,May,33607.73,2480025.14
Ecvador,May,0,2043200.67
Egypt,May,41250,360075.64
Estonia,May,571328,954678.66
Finland,May,49254.13,1695747.18
France,May,2231557.49,15567744.93
Gabon,May,0,4747138.42
Gana,May,11924,16084.7
Georgia,May,1163702.17,440747.72
Germany,May,4586400.31,31823347.27
Greece,May,473297.05,6905777.35
Hong Kong,May,292719.2,7778190.42
Hungary,May,1232126.85,4163931.12
Iceland,May,12776.91,271920
India,May,474907.17,8070961.84
Indonesia,May,0,1201485.95
Iran,May,1138317.33,17729438.25
Iraq,May,2325789.6,273583.6
Ireland,May,0,1894058.79
Israel,May,1391352.27,2200908
Italy,May,3522804.59,19337140.79
Jamaica,May,0,244909.42
Japan,May,1288214.47,1581594.57
Jordan,May,128745.01,130782.37
Kazakhstan,May,7887839.12,6389308.44
Kenya,May,54327.84,12601.96
Kuwait,May,151807.79,0
Kyrgyzstan,May,559766.97,302445.14
Latvia,May,862236.14,2750368.09
Lebanon,May,0,16618.9
Libia,May,21394,0
Lithuania,May,3133220.42,2812705.44
Luxembourg,May,0,892478.29
Macedonia,May,32916.62,102259.9
Mala,May,0,1477997.03
Malawi,May,0,71190
Malaysia,May,34933.89,1488035.17
Mexico,May,0,94683.41
Moldova,May,384040.37,251622.68
Morocco,May,48000,4839
Myanmar,May,0,2587.32
Netherlands,May,781451.7,11401586.46
New Zealand,May,0,222260.23
Niger,May,0,1290.36
Nigeria,May,1814,292.55
Norway,May,6479.62,1234422.25
Oman,May,100,224921.37
Pacistan,May,0,314858.81
Panama,May,883990.55,0
Paraguay,May,0,555661.85
Peru,May,24352095.48,0
Poland,May,2786855.36,13613956.4
Portugal,May,137272.4,1255237.66
Qatar,May,153416.28,19972.89
Romania,May,169924.02,23356889.26
San Marino,May,0,42724.3
Saudi Arabia,May,1637033.14,368550
Serbia,May,872,1477968.22
Singapore,May,2127.3,1886273
Slovakia,May,171372.94,252011.48
Slovenia,May,27507.2,610267.44
Somalia,May,32760,0
South Africa,May,13223,23348.57
South Korea,May,27395.94,7306884.67
Spain,May,698543.69,14645556.41
Sri Lanka,May,0,96617.8
Sweden,May,120612,1707817.09
Switzerland,May,8524943.99,9682437.68
Taiwan,May,755648.18,1095458.9
Tajikista,May,135416.7,3944.16
Tanzania,May,0,8140
Thailand,May,0,2388817.85
The Farer Islands,May,0,7598.1
Tunis,May,447417.5,45710
Turkmenistan,May,944582.1,25848694
Türkiye,May,38019518.3,159253225.7
UA Emirates,May,793287.77,16800549.25
Ukraine,May,3384785.17,15128592.23
United Kingdom,May,292056.58,7533429.64
United States,May,54844362.47,8498555.61
Uzbekistan,May,2615894.14,5319718.23
Vietnam,May,188880,3542731.86
"Virgin Islands, Britain",May,0,254090
russia,May,49217271.88,147226826.2
unknown,May,144540.67,220219.36
Afghanistan,June,4279.8,0
Argentina,June,266569.02,1815599.76
Armenia,June,25486334.6,10941525.78
Australia,June,213305.49,44537.04
Austria,June,215389.58,4323568.97
Azerbaijan,June,15031981.05,38327152.88
Bahrain,June,5805.39,300
Bangladesh,June,0,108532.95
Belarus,June,3063033.83,5769455.09
Belgium,June,734383.03,5307050.78
Bosnia-Herzegovina,June,500,36586.89
Brasil,June,79100,7905177.98
Bulgaria,June,49925285.38,7021727.09
Burkinafaso,June,127866.14,0
Canada,June,153637.91,352049.5
Chile,June,0,152695.84
China,June,33768480.96,95821513.45
Colombia,June,0,35501.92
Costa Rica,June,0,157329.65
Croatia,June,0,648157.67
Cyprus,June,852920.92,215235.19
Czech Republic,June,765699.96,10921238.83
Denmark,June,11318.49,2472789.47
Dominican Republic,June,0,12400
Ecvador,June,0,1832964.5
Egypt,June,183213.78,268089.23
Estonia,June,503737.62,839572.39
Finland,June,108450.92,2081203.81
France,June,2036495.15,14220238.75
Gabon,June,0,117879.02
Gana,June,1897640,685
Georgia,June,4213549.3,459476.3
Germany,June,3707956.93,28735502.45
Great Britain,June,707305.06,9747552.42
Greece,June,227355.2,3742042.15
Honduras,June,95550,0
Hong Kong,June,87759,10773795.52
Hungary,June,232410.93,4612070.75
Iceland,June,0,360874.84
India,June,9180382.47,11081929
Indonesia,June,2450,1229649.09
Iran,June,1464332.16,18229583.15
Iraq,June,1991002.46,663945.49
Ireland,June,93027,1470370.17
Israel,June,1350284.29,2088475.95
Italy,June,4038180.38,21652852.46
Japan,June,594231.67,1317055.58
Jordan,June,498401.89,168319.51
Kazakhstan,June,3364965.44,1862293.7
Kenya,June,0,6740.04
Kuwait,June,133657.4,0
Kyrgyzstan,June,271270.64,360143.32
Latvia,June,917706.55,4169483.36
Lebanon,June,0,20421.47
Libia,June,297983.14,0
Liechtenstein,June,0,27083.14
Lithuania,June,1592486.01,3035530.4
Luxembourg,June,11254.29,964660.91
Macedonia,June,0,269190.92
Mala,June,0,241774.81
Malawi,June,0,86900
Malaysia,June,73761.82,2267269.46
Maldives,June,0,6752.09
Mali,June,51565.01,0
Mauritania,June,334800,0
Mexico,June,116600,228063.24
Moldova,June,1002594.06,314921.06
Mongolia,June,285315.5,0
Morocco,June,156000,2587.75
Netherlands,June,1401367.17,8838387.79
New Zealand,June,0,73283.21
Niger,June,0,380.25
Nigeria,June,20505.51,101892.7
Norway,June,33050.79,569320.01
Not specified,June,0,141701.1
Oman,June,0,437242.61
Pacistan,June,0,1211142.5
Panama,June,9408.45,0
Paraguay,June,0,598261.74
Philippines,June,0,69664.29
Poland,June,3154690.9,13559919.93
Portugal,June,128303.35,1023464.75
Puerto Rico,June,0,96538
Qatar,June,151687.33,751365.51
Romania,June,115946.73,33590476.16
San Marino,June,0,27693.92
Saudi Arabia,June,3227608.15,292102
Senegal,June,837000,0
Serbia,June,310555.77,1138978.57
Singapore,June,267776.94,5653455.93
Slovakia,June,53613.94,2082055.22
Slovenia,June,21856.87,2612237.05
South Africa,June,85033.37,345096.17
South Korea,June,185297.26,5342627.88
Spain,June,1269331.04,10321721.86
Sri Lanka,June,0,70891.2
Sudan,June,2050,0
Sweden,June,133739.04,966879.67
Switzerland,June,7151507.55,10106319.4
Taiwan,June,328123.23,847166.24
Tajikista,June,459132.6,0
Tanzania,June,136500,47900
Thailand,June,0,1694955.31
The Farer Islands,June,0,25004.62
Tunis,June,523005.45,103327.04
Turkmenistan,June,490059.61,16471296.45
Türkiye,June,37235429.96,173000367.6
UA Emirates,June,648170.59,17592383.64
Ukraine,June,5608643.13,13053677.77
United States,June,3228330.78,5282292.85
Uruguay,June,0,16804.8
Uzbekistan,June,4068048.87,4697474.81
Vietnam,June,230365.2,3469306.41
"Virgin Islands, Britain",June,0,480978.94
Zambia,June,0,252.51
Zimbabwe,June,0,320.49
russia,June,38049717.94,161234334.3
Albania,July,79583.32,81064.69
Argentina,July,2916,192460.98
Armenia,July,20877606.82,22250838.16
Australia,July,47796.22,82863.04
Austria,July,8992.97,4607988.96
Azerbaijan,July,15485605.46,36915327.7
Bahrain,July,33505.31,170.02
Bangladesh,July,0,164204.34
Belarus,July,1962711.48,5940604.48
Belgium,July,560408.03,5538540.68
Bosnia-Herzegovina,July,7660.43,760.72
Brasil,July,0,13933950.22
Bulgaria,July,9135689.55,13543057.26
Canada,July,174678.99,629933.68
Chile,July,0,1173546.9
China,July,71901418.78,92087493.7
Colombia,July,955.3,52980
Costa Rica,July,33288.98,176247.79
Croatia,July,19657.72,1584201.77
Cyprus,July,54,371016.71
Czech Republic,July,613952.57,11790455.52
Denmark,July,38642.06,1622937.46
Ecvador,July,0,1889214.4
Egypt,July,0,1582599.28
El Salvador,July,2388.5,0
Estonia,July,219743.97,1190628.12
Ethiopia,July,68250,67000
Finland,July,17365.88,1812207.76
France,July,1861848.48,12092076.9
Gana,July,1776,0
Georgia,July,3337101.7,425603.54
Germany,July,3814978.82,30529142.53
Great Britain,July,497021.23,0
Greece,July,47706.4,6178631.04
Hong Kong,July,32060.4,5856678.15
Hungary,July,118117.38,4560452.99
Iceland,July,0,307699.1
India,July,17693.02,7235488.95
Indonesia,July,1800,1506179.99
Iran,July,1216005.65,19380544.41
Iraq,July,2666757.54,336930.2
Ireland,July,187068.25,808554.08
Israel,July,1315896.25,531317.46
Italy,July,2163142.39,22172160.12
Japan,July,776371.36,1045698.42
Jordan,July,206520.38,84778.77
Kazakhstan,July,5890554.95,1464327.15
Kenya,July,50830,9886.58
Kuwait,July,100393.1,0
Kyrgyzstan,July,3338652.52,647621.1
Latvia,July,1022211.15,3205017.02
Lebanon,July,85557.32,1248.29
Libia,July,175730,0
Liechtenstein,July,0,25259.73
Lithuania,July,1581648.94,2650573.5
Luxembourg,July,157.71,49262.16
Macedonia,July,0,146329.2
Mala,July,387858.15,2016559.49
Malawi,July,0,103705.15
Malaysia,July,38115.2,1105399.02
Mexico,July,215200,147746.15
Moldova,July,589948.98,473137.63
Mongolia,July,84855.12,0
Morocco,July,0,57987.93
Netherlands,July,1871033.35,12736713.11
New Zealand,July,1095,126282.27
Nigeria,July,332.89,2666.91
Norway,July,31030.37,1193409.01
Not specified,July,320794.72,0
Oman,July,0,429267.95
Pacistan,July,28074,229394.2
Paraguay,July,839,528497.53
Peru,July,16541800,225465.96
Philippines,July,730385.34,0
Poland,July,2767896.06,17787315.15
Portugal,July,76089.05,1052909.88
Qatar,July,56676.78,436708.97
Romania,July,55566.78,34713004.11
San Marino,July,0,71807.63
Saudi Arabia,July,2652817.61,965137.5
Senegal,July,2300,0
Serbia,July,8193.41,1330472.86
Singapore,July,113149.36,3483890.03
Slovakia,July,48777.36,1269270.13
Slovenia,July,45244.41,2247525.96
Somalia,July,20132.7,0
South Africa,July,0,415883.63
South Korea,July,178959.28,6766176.12
Spain,July,19089451.57,15723989.33
Sri Lanka,July,150,193915.52
Sweden,July,182466.54,1349719.27
Switzerland,July,8412638.9,15066334.05
Syria,July,0,158613.6
Taiwan,July,91276.41,1420032.39
Tajikista,July,285467.13,0
Tanzania,July,0,29289.16
Thailand,July,5334.84,1655110.85
The Farer Islands,July,0,38512.5
Tunis,July,0,12801.94
Turkmenistan,July,99085.14,16351650.81
Türkiye,July,30055515.39,164090654
UA Emirates,July,936969.41,18494367.44
Ukraine,July,7646315.04,16482175.03
United Kingdom,July,0,7567456.12
United States,July,41818355.08,4547198.48
Uruguay,July,0,49875.1
Uzbekistan,July,3419260.12,4104455.15
Vietnam,July,75258.5,3393528.73
"Virgin Islands, Britain",July,0,290400
russia,July,76868162.45,167762556.3
unknown,July,0,326951.2
Albania,August,0,139003.85
Argentina,August,0,492524.4
Armenia,August,16438859.95,7123706.87
Australia,August,152024.8,83015.1
Austria,August,243619.9,7092723.49
Azerbaijan,August,16058357.23,34653882.77
Bahrain,August,1122.72,47819.17
Bangladesh,August,1500,113805.71
Belarus,August,5289060.48,5161645.19
Belgium,August,507521.4,5293063.05
Brasil,August,0,7878274.16
Bulgaria,August,51593809.66,15079253.74
Canada,August,243531.12,1014464.06
Chile,August,0,536567.57
China,August,26232962.44,98587129.71
Colombia,August,0,5616.07
Costa Rica,August,0,67721.28
Croatia,August,9323.42,1043194.36
Cyprus,August,174998.53,155009.51
Czech Republic,August,923348.31,13264769.11
Denmark,August,3261.09,1351613.94
Ecvador,August,0,2260609.84
Egypt,August,18042.98,2228915.96
Estonia,August,366849.73,884735.13
Finland,August,78892.7,2518297.94
France,August,1705432.85,18699418.78
Gana,August,1381290,0
Georgia,August,1498834.18,562018.05
Germany,August,3250059.78,31816438.41
Great Britain,August,955594.5,8238643.84
Greece,August,374326.88,6750880.24
Hong Kong,August,446411.56,13723543.12
Hungary,August,67847.5,4771945.54
Iceland,August,0,140664
India,August,176958.54,7427885.62
Indonesia,August,0,696789.23
Iran,August,1257597.47,19851477.89
Iraq,August,5148540.69,1195292.63
Ireland,August,0,1198281.74
Israel,August,930573.81,827552.12
Italy,August,3186932.66,22347879.96
Japan,August,841875.49,2257227.91
Jordan,August,36680.72,51766
Kazakhstan,August,10421032.05,2857954.38
Kenya,August,88400,14791.33
Kuwait,August,113058.44,0
Kyrgyzstan,August,653143.26,36506.37
Latvia,August,1121175.35,3434131.68
Lebanon,August,6641.6,54123.6
Libia,August,322020.45,0
Liechtenstein,August,0,9233.95
Lithuania,August,601157.06,4622587.23
Luxembourg,August,20260.21,42360.46
Mala,August,0,967030.6
Malaysia,August,25110,670517.79
Mauritania,August,458000,0
Mexico,August,0,120387.22
Moldova,August,1293148.45,810488.69
Mongolia,August,244211,0
Netherlands,August,858921.65,11903731.76
New Zealand,August,21762.13,448707.79
Niger,August,2545.99,333.75
Nigeria,August,500,697.21
Norway,August,351219.73,697727.51
Not specified,August,316598.3,185588.46
Oman,August,0,108.76
Pacistan,August,0,155139.44
Panama,August,2977520,0
Paraguay,August,0,1294950.42
Peru,August,0,6650
Poland,August,3239496.86,14707434.48
Portugal,August,285948.46,1483387.2
Qatar,August,138773.15,670796.43
Romania,August,2150822.34,30969357.1
Saudi Arabia,August,1765739.12,294904.77
Senegal,August,687000,0
Serbia,August,116972.57,799691.82
Singapore,August,8710.44,1524150.93
Slovakia,August,0,1222789.33
Slovenia,August,170147.15,2399617.2
South Africa,August,17072,400815.87
South Korea,August,388773.15,4598264.17
Spain,August,1429229.02,14409380.5
Sri Lanka,August,0,85771.27
Sweden,August,169655.81,686050.68
Switzerland,August,8256359.55,11682918.89
Taiwan,August,102861.27,1167758.36
Tajikista,August,400257.38,0
Tanzania,August,70000,0
Thailand,August,1836,1467029.55
Tunis,August,465209.34,51250
Turkmenistan,August,235616.12,12087664
Türkiye,August,38238956.82,213865581.2
UA Emirates,August,1110592.91,17728540.87
Ukraine,August,5340321.88,17198460.58
United States,August,3094990.71,6741660.22
Uruguay,August,0,1200403.99
Uzbekistan,August,4751518.8,5324716.51
Vietnam,August,0,3479050.06
Zambia,August,6519.5,0
russia,August,55844921.89,199421726.2
Afghanistan,September,29383.93,0
Albania,September,52375.23,12873.98
Algeria,September,1000,0
Argentina,September,245009.68,76272.2
Armenia,September,17892611.51,6747103.2
Australia,September,85323.67,123773.46
Austria,September,225244.51,4567376.3
Azerbaijan,September,22494760.29,36080169.01
Bahrain,September,279,241.86
Bangladesh,September,0,207960.15
Belarus,September,2264427.21,5992172.57
Belgium,September,203528.91,6015725.34
Bosnia-Herzegovina,September,0,68319.17
Brasil,September,5141,11439109.03
Bulgaria,September,9092365.51,17858508.28
Canada,September,118676.64,456171.29
Chile,September,0,212369.13
China,September,69803177.97,98568244.14
Colombia,September,0,31974.8
Costa Rica,September,22960.74,0
Croatia,September,24961.12,1003832.36
Cyprus,September,169990.94,183606.36
Czech Republic,September,705776.97,11864698.18
Denmark,September,55979.82,2294764.44
Ecvador,September,0,1736020.08
Egypt,September,1464.52,2127373.92
Estonia,September,431100.84,785268.68
Ethiopia,September,0,950
Finland,September,173891.47,1167349.38
France,September,2464247.1,16393493.34
Gabon,September,0,19850.42
Gana,September,1196.2,0
Georgia,September,3254050.43,361634.14
Germany,September,5646324.57,31589246.53
Great Britain,September,654197.4,5435697.99
Greece,September,71265.39,2389844.2
Hong Kong,September,85772.02,11599467.92
Hungary,September,104428.07,3584279.07
India,September,369260.13,6062968.61
Indonesia,September,1192,1438891.25
Iran,September,1566881.91,18202775.82
Iraq,September,5584267.37,5715401
Ireland,September,22000,1576766.25
Israel,September,2015670.01,1939246.89
Italy,September,4794997.44,19412518.74
Japan,September,1285607.59,2051479.61
Jordan,September,59575.25,25475.33
Kazakhstan,September,6043546.53,3390440.4
Kenya,September,0,32195.66
Kuwait,September,102831.51,3232.18
Kyrgyzstan,September,887465.56,327574.61
Latvia,September,1279625.52,2820866.42
Lebanon,September,31293.75,135127.52
Libia,September,394224.79,0
Liechtenstein,September,0,31155.31
Lithuania,September,2322726.1,2740929.74
Luxembourg,September,0,373520.54
Macedonia,September,0,304931.88
Mala,September,0,893955.18
Malawi,September,0,102530
Malaysia,September,113464.77,1091027.82
Mexico,September,372900,91826.48
Moldova,September,840125.99,595732.44
Mongolia,September,293163.16,0
Montenegro,September,896.05,0
Morocco,September,0,6868.31
Nepal,September,0,3963.8
Netherlands,September,865390.01,14255864.16
New Zealand,September,0,302377.84
Niger,September,3143.06,0
Nigeria,September,495.01,30186.02
Norway,September,27333.99,1704873.7
Not specified,September,1607.95,148244.05
Oman,September,0,71550
Pacistan,September,36823.8,246046.03
Paraguay,September,0,870345.66
Peru,September,14685050,26350
Philippines,September,96067.68,47928.7
Poland,September,4252426.9,15898743.84
Portugal,September,87062.41,1381136.68
Qatar,September,75584.1,161032.5
Romania,September,51348.02,21353923.71
San Marino,September,0,41151.89
Saudi Arabia,September,78764.59,277125
Serbia,September,52615,1693115.65
Singapore,September,513344.59,2046410.59
Slovakia,September,302923.3,1264202.99
Slovenia,September,86511.5,1997536.63
South Africa,September,289774.61,235631.92
South Korea,September,123983.5,4070720.49
Spain,September,1372567.47,14794880.88
Sri Lanka,September,9885.86,128585.29
Sudan,September,270000,0
Sweden,September,88430.89,1895258.9
Switzerland,September,6143293.49,6625001.03
Taiwan,September,283934.39,1481127.21
Tajikista,September,354956.51,90484.56
Tanzania,September,0,52540
Thailand,September,0,1329131.38
Togo,September,0,173.93
Tunis,September,413077.7,46000
Turkmenistan,September,610154.13,8342011.39
Türkiye,September,22180562.86,189880657.4
UA Emirates,September,16530601.86,21014128.57
Ukraine,September,6762128.55,21945293.47
United States,September,52808903.11,7038865.93
Uruguay,September,0,1487472.65
Uzbekistan,September,4953366.82,5088656.25
Vietnam,September,0,2237506.25
russia,September,50718769.9,180823909.8
Afghanistan,October,3320.29,0
Albania,October,18272.79,0
Andorra,October,0,8315.81
Argentina,October,0,39080.69
Armenia,October,16400520.65,7237411.01
Australia,October,102691.52,461276.73
Austria,October,306507.08,4848702.16
Azerbaijan,October,15198381.73,42698492.38
Bahrain,October,1967.03,0
Bangladesh,October,0,146893.43
Belarus,October,3776539.86,7107153.6
Belgium,October,259627.99,5524261.12
Bosnia-Herzegovina,October,0,10016.5
Brasil,October,77700,8220614.62
Bulgaria,October,49431041.12,17784884.96
Burkinafaso,October,0,4605
Cambodia,October,0,170738.51
Canada,October,246318.27,768544.54
Chile,October,0,195506.88
China,October,30052432.08,85988857.1
Colombia,October,52578,0
Congo,October,249200,0
Croatia,October,19012.61,1193675.31
Cyprus,October,14698.82,2367727.71
Czech Republic,October,1344670.91,16595105.92
Denmark,October,26309.33,2154343.06
Ecvador,October,0,1975322.94
Egypt,October,48478.68,1713837.27
Estonia,October,240488.2,867265.23
Finland,October,44502.51,1727735.58
France,October,3710058.46,18908283.67
Gabon,October,0,43658.61
Gana,October,4028552,923.98
Georgia,October,1839713.33,455784.8
Germany,October,6414490.56,35440266.14
Great Britain,October,657436.18,7707992.87
Greece,October,322717.98,11082759.8
Hong Kong,October,89102.24,6127913.74
Hungary,October,73518.61,3864202
Iceland,October,0,576403.6
India,October,26051.25,5150629.01
Indonesia,October,0,1227685.85
Iran,October,1022484.57,16423531.06
Iraq,October,4133498.62,3426976.39
Ireland,October,47108.75,14218633.51
Israel,October,1356681.26,563485.77
Italy,October,7772094.45,20021214.9
Japan,October,722167.52,693319.8
Jordan,October,690704.25,4315.45
Kazakhstan,October,5624478.23,5169220.18
Kenya,October,463204,24112.54
Kuwait,October,100669.06,0
Kyrgyzstan,October,972291.36,440018.57
Latvia,October,910381.68,4306324.13
Lebanon,October,600,45146.88
Libia,October,202170,0
Liechtenstein,October,0,42646.11
Lithuania,October,3148434.27,4520261.2
Luxembourg,October,0,163206.9
Macedonia,October,54412.23,157927.8
Mala,October,14946.22,438758.11
Malawi,October,0,104391.06
Malaysia,October,98073.3,632065.7
Mauritania,October,767200,0
Mexico,October,138750,169372.63
Moldova,October,330533.11,787440.19
Montenegro,October,102225,0
Morocco,October,135503.6,0
Mozambique,October,3588276,0
Nepal,October,0,615.48
Netherlands,October,807947.15,14291114.33
New Zealand,October,0,392668.58
Niger,October,180,9708.93
Nigeria,October,12717,2389.4
Norway,October,132698.47,2136114.84
Not specified,October,170598.85,57322.8
Oman,October,0,5968.43
Pacistan,October,0,361527.89
Panama,October,3562520,0
Paraguay,October,0,409753.71
Philippines,October,857843.55,5995.31
Poland,October,3084008.59,12917094.93
Portugal,October,124177.55,1393448.59
Qatar,October,250646.5,409449.3
Romania,October,26381.31,17779927.79
San Marino,October,0,14068.32
Saudi Arabia,October,507840.13,727264.45
Senegal,October,411000,0
Serbia,October,22605.7,1181180.19
Singapore,October,766314.97,1526432.41
Slovakia,October,188752.99,1530733.31
Slovenia,October,21500,1628860.58
South Africa,October,0,122037.67
South Korea,October,4901,3741461.74
Spain,October,18887577.04,13785689.33
Sri Lanka,October,0,12146.91
Sweden,October,104271.85,1716329.56
Switzerland,October,8263911.01,7310250.8
Taiwan,October,0,1152932.96
Tajikista,October,348382.91,0
Tanzania,October,1988280,22200
Thailand,October,111,1129017.57
The Farer Islands,October,0,29160
The Northern Mariana Islands,October,18183.84,0
Tunis,October,0,1000
Turkmenistan,October,990686.38,4500380.41
Türkiye,October,32105193.26,209852199.2
UA Emirates,October,621636.72,27660110.21
Ukraine,October,6494246.37,20697722.94
United States,October,14686301.53,6295660.41
Uruguay,October,0,195343.19
Uzbekistan,October,6235650.25,3510500.02
Vietnam,October,76923.2,2954243.64
russia,October,45652205.51,172944975.8
Albania,November,0,13032.6
Argentina,November,0,326889.76
Armenia,November,18678784.93,6170444.2
Australia,November,53411.2,36093.22
Austria,November,196547.75,5948948.41
Azerbaijan,November,13289103.54,37955394.4
Bahrain,November,13314.56,0
Bangladesh,November,0,223854.65
Belarus,November,4605586.31,5401411.17
Belgium,November,384007.77,6228620.15
Bhutan,November,0,11676.96
Bosnia-Herzegovina,November,0,58621.26
Brasil,November,0,8617790.22
Bulgaria,November,48631281.72,8790410.88
Burkinafaso,November,31970.22,17750.01
Cambodia,November,6650,79350.27
Canada,November,194076.33,768245.81
Chile,November,0,158930.2
China,November,50633672.37,92374019.56
Colombia,November,0,62996.4
Costa Rica,November,0,30549.77
Croatia,November,37947.95,843733.87
Cyprus,November,43137.61,625209.24
Czech Republic,November,4366194.18,15124052.61
Denmark,November,261142.55,2450716.47
Ecvador,November,0,1997481.26
Egypt,November,0,1756971
Estonia,November,407484.17,1337494.13
Ethiopia,November,511875,50
Finland,November,106117.59,2250478.85
France,November,3325713.25,12768298.92
Gabon,November,0,43566.05
Gambia,November,870,0
Gana,November,7068360,0
Georgia,November,689720.22,371938.04
Germany,November,8337098.55,38591699.34
Great Britain,November,498475.88,7978167.26
Greece,November,76115.72,9705016.95
Hong Kong,November,790882.53,6788909.11
Hungary,November,152870.16,5919174.35
Iceland,November,0,120866
India,November,221239.24,11584314.4
Indonesia,November,3408.64,1573436.98
Iran,November,1550779.37,20570303.38
Iraq,November,1914906.25,1900096.53
Ireland,November,44000,1661064.06
Israel,November,1839762.09,1031102.53
Italy,November,7027639.38,28501170.5
Japan,November,821812.49,764316.69
Jordan,November,77152.05,5449.57
Kazakhstan,November,6547007.82,3147354.11
Kenya,November,38726,19380.69
Kuwait,November,96284.97,529.86
Kyrgyzstan,November,1241039.59,383425.84
Latvia,November,711928.62,4671116.45
Lebanon,November,0,58769.83
Libia,November,70700,0
Liechtenstein,November,0,73244.04
Lithuania,November,1701252.48,4111601.94
Luxembourg,November,0,79538.58
Macedonia,November,3767.09,96483.17
Mala,November,0,505525.98
Malawi,November,665,95595.58
Malaysia,November,0,873179.67
Marshall Islands,November,0,105219
Mauritania,November,2646520,0
Mexico,November,116600,102468.19
Moldova,November,326994.61,1235420.03
Mongolia,November,230672.7,0
Montenegro,November,0,8568
Morocco,November,22125,55456.97
Nepal,November,0,2988.39
Netherlands,November,597720.03,23470476.77
New Zealand,November,0,82270.45
Niger,November,69867.28,800
Nigeria,November,0,2765.81
Norway,November,10558.66,2177763.03
Not specified,November,239188.32,255627.17
Oman,November,0,166405.36
Pacistan,November,0,468170.4
Panama,November,0,3694
Paraguay,November,2510,628806.97
Peru,November,17751880,0
Poland,November,3976284.23,19641252.68
Portugal,November,106219.07,1783131.7
Qatar,November,120468.6,304122.6
Romania,November,149330.01,13638411.02
San Marino,November,0,11047.51
Saudi Arabia,November,1201714.39,132241.59
Serbia,November,144412.46,748976.49
Seychelles,November,0,6120
Singapore,November,2146.72,1314721.79
Slovakia,November,315574.65,1531871.34
Slovenia,November,91852.72,2659311.85
South Africa,November,331815.45,13056.66
South Korea,November,353914.05,2984719.55
Spain,November,239420.73,14053708.53
Sri Lanka,November,0,437432.8
Sudan,November,40000,0
Sweden,November,129241.98,2220593.95
Switzerland,November,7338410.75,11942336.87
Taiwan,November,0,1114510.28
Tajikista,November,807319.47,0
Tanzania,November,70000,38480
Thailand,November,200,1348663.67
The Farer Islands,November,0,61560
Tunis,November,0,11756.5
Turkmenistan,November,875667.56,6056330
Türkiye,November,22784212.01,196276946.4
UA Emirates,November,893614.83,28680165.51
Uganda,November,1844.5,0
Ukraine,November,7205286.87,17136087.75
United States,November,2727389.31,20872020.05
Uruguay,November,0,402068.07
Uzbekistan,November,2810047.5,3953892.59
Venezuela,November,0,9476.74
Vietnam,November,96270.7,4100147.05
"Virgin Islands, Britain",November,0,1468.75
russia,November,55419259.88,183889952.6
Afghanistan,December,32993.73,0
Argentina,December,262754.8,321504.91
Armenia,December,22345792.34,9521104.55
Australia,December,219555.17,37819
Austria,December,281287.16,8093115.19
Azerbaijan,December,18790008.92,50630327.17
Bahrain,December,27195.48,72667.08
Bangladesh,December,0,537235.75
Belarus,December,3526969.69,7911075.11
Belgium,December,378556.07,6418062.18
Bosnia-Herzegovina,December,1053.4,22688.13
Brasil,December,149617.29,9422371.01
Bulgaria,December,28022712.21,10197396.28
Cambodia,December,0,94283.16
Canada,December,247479.99,592596.41
Chile,December,612654.4,297222.42
China,December,75138385.21,100934604.2
Congo,December,0,1200
Costa Rica,December,292060,74871.31
Croatia,December,30212.07,1316585.32
Cyprus,December,57520.71,2883515.48
Czech Republic,December,1154729.25,20760661.25
Denmark,December,305932.6,2087812.97
Djibouti,December,1596,0
Dominican Republic,December,0,12164.24
Ecvador,December,0,3278298.19
Egypt,December,0,1412310.69
Estonia,December,506156.53,1308275.86
Ethiopia,December,273000,5575.88
Finland,December,91259.73,4286414.17
France,December,3944271.65,18304526.66
Gabon,December,0,6510624.12
Gana,December,2083,0
Georgia,December,3462288.7,669048.16
Germany,December,5977161.06,41429176.02
Great Britain,December,282484.69,8269268.16
Greece,December,187954.69,8639964.81
Hong Kong,December,665775.72,9873718.96
Hungary,December,194960.43,6523882.28
Iceland,December,0,27930
India,December,9344488.68,5664113.66
Indonesia,December,0,3446049.31
Iran,December,1721544.45,23446466.19
Iraq,December,3631854.01,1990019.07
Ireland,December,1700.8,443518.65
Israel,December,2056739.46,1036780.94
Italy,December,6825060.26,31605357.45
Japan,December,1502988.24,1988112.68
Jordan,December,429184.27,24057.65
Kazakhstan,December,4212443.41,3645089.5
Kenya,December,0,31028.75
Kuwait,December,59017.97,0
Kyrgyzstan,December,1380461.39,629694.27
Latvia,December,439666.01,6628619.6
Lebanon,December,26193.41,6260
Libia,December,809019.4,38244.17
Liechtenstein,December,0,36319.91
Lithuania,December,946392.18,4576721.67
Luxembourg,December,0,156941.87
Macedonia,December,0,138956.95
Mala,December,0,982221.27
Malawi,December,0,47784.39
Malaysia,December,293602.84,936819.66
Mexico,December,0,110649.54
Moldova,December,478695.79,1137161.4
Monaco,December,0,438.65
Mongolia,December,387227.5,0
Morocco,December,176000,8820.39
Nepal,December,0,600
Netherlands,December,722878.06,17773706.6
New Zealand,December,0,731962.45
Niger,December,290,0
Nigeria,December,0,1603.8
Norway,December,57138.55,1871365.83
Not specified,December,0,80341.63
Oman,December,0,135000
Pacistan,December,0,335070.6
Panama,December,3789500,5251.01
Paraguay,December,0,660810.05
Peru,December,18112500,0
Poland,December,3182087.09,18089301.8
Portugal,December,231311.97,2073056.37
Qatar,December,74070.77,670165.09
Romania,December,61359.34,23384044.02
San Marino,December,0,39032.51
Saudi Arabia,December,735094.13,693854.86
Serbia,December,533712.58,1243110.12
Seychelles,December,0,80525.5
Singapore,December,417859.2,2479626.78
Slovakia,December,82301.13,1791199.68
Slovenia,December,25254.82,1743694.86
Somalia,December,7360,0
South Africa,December,127899.2,7520.09
South Korea,December,423803.8,2303293.45
Spain,December,1465157.76,15815269.28
Sri Lanka,December,120,193096.06
Sweden,December,213174.62,6977412.47
Switzerland,December,6101916,10197394.62
Syria,December,0,88604
Taiwan,December,0,1585171.03
Tajikista,December,457116.1,17638.8
Tanzania,December,154000,14060
Thailand,December,3491.96,334927.53
Tunis,December,304477.45,0
Turkmenistan,December,771539.3,8677401.74
Türkiye,December,22831304.11,201116812.3
UA Emirates,December,1000152.5,51031203.88
Uganda,December,6370,0
Ukraine,December,9122984.62,25119818.34
United States,December,2452654.81,8645236.98
Uruguay,December,0,1209703.84
Uzbekistan,December,4298156.5,5113092
Vietnam,December,0,1032325.75
"Virgin Islands, Britain",December,0,15782.44
russia,December,38567911.69,194846337.4
